name,value
base,213.49122619628906
offset,-0.03251856192946434
scale,0.0271604023873806
slope,0.2012624889612198
intercept,-0.007122418377548456
cut,0.061324626207351685
mid_gray_scaling,1.0
