name,value
base,11103.786
offset,-0.0094089599
scale,0.00496127
slope,0.186301
intercept,-0.0172904
cut,0.1496578